First-Name,Last-Name,Email-Address,Mobile-Phone,Street-Address,City,State,Country,Birth-Day,Fave-Color,Fave-Food
Twilight,Sparkle,TwilightSparky@equestria.edu,777-777-7777,12 Friendship Lane,Equestria,EQP,Equestria,12/25/1901,Purple,Italian
Rainbow,Dash,RD@awesome.com,543-457-8890,25 Cloud City Drive,Cloud City,PV,Equestria,07/04/1910,Blue,American
Fluttershy,Pegasus,flutters@animalfriendship.edu,777-123-4567,777 Enchanted Forest Lane,Ponyville,EQ,Equestria,11/25/2002,Pink,Strawberries
AppleJack,Pony,AJ@applefarm.com,987-654-3211,19 Apple Orchard Drive,Ponyville,EQ,Equestria,05/09/2000,Red,Apples
Rarity,Unicorn,Fashionista@glamorgal.net,111-111-1111,12 Shimmering Shanty Rd,Ponyville,EQ,Equestria,02/24/1999,White and Purple,Apple Cinnamon Crumpets
Pinkie Pie,Pony,LaughItUp@comedian.com,333-222-4444,109 Clown Drive,Ponyville,EQ,Equestria,03/25/2004,Pink,Cupcakes
